{"v":"5.4.3","fr":29.9700012207031,"ip":0,"op":150.000006109625,"w":1920,"h":1080,"nm":"Text_01","ddd":0,"assets":[],"fonts":{"list":[{"fName":"TBChibiRGoPlusKPro-Regular","fFamily":"TBChibiRGothicPlusK Pro","fStyle":"R","ascent":73.590087890625}]},"layers":[{"ddd":0,"ind":1,"ty":5,"nm":"Shio Re:","sr":1,"ks":{"o":{"a":0,"k":100,"ix":11},"r":{"a":0,"k":0,"ix":10},"p":{"a":0,"k":[344.203,665.671,0],"ix":2},"a":{"a":0,"k":[0,0,0],"ix":1},"s":{"a":0,"k":[100,100,100],"ix":6}},"ao":0,"t":{"d":{"k":[{"s":{"s":331,"f":"TBChibiRGoPlusKPro-Regular","t":"Shio Re:","j":0,"tr":0,"lh":397.2,"ls":0,"fc":[0.245,0.363,0.631]},"t":0}]},"p":{},"m":{"g":1,"a":{"a":0,"k":[0,0],"ix":2}},"a":[{"nm":"アニメーター 1","s":{"t":0,"xe":{"a":0,"k":0,"ix":7},"ne":{"a":0,"k":100,"ix":8},"a":{"a":0,"k":100,"ix":4},"b":1,"rn":0,"sh":2,"o":{"a":1,"k":[{"i":{"x":[0.833],"y":[0.833]},"o":{"x":[0.167],"y":[0.167]},"n":["0p833_0p833_0p167_0p167"],"t":0,"s":[-100],"e":[100]},{"t":60.0000024438501}],"ix":3},"r":1},"a":{"p":{"a":0,"k":[0,150,0],"ix":2},"o":{"a":0,"k":0,"ix":9}}}]},"ip":0,"op":150.000006109625,"st":0,"bm":0},{"ddd":0,"ind":2,"ty":1,"nm":"white","sr":1,"ks":{"o":{"a":0,"k":100,"ix":11},"r":{"a":0,"k":0,"ix":10},"p":{"a":0,"k":[960,540,0],"ix":2},"a":{"a":0,"k":[960,540,0],"ix":1},"s":{"a":0,"k":[100,100,100],"ix":6}},"ao":0,"sw":1920,"sh":1080,"sc":"#e2e4e7","ip":0,"op":150.000006109625,"st":0,"bm":0}],"markers":[],"chars":[{"ch":"S","size":331,"style":"R","w":59.1,"data":{"shapes":[{"ty":"gr","it":[{"ind":0,"ty":"sh","ix":1,"ks":{"a":0,"k":{"i":[[0,0],[0,5.74],[-7.452,0],[-3.223,-4.33],[-1.712,0],[0,2.216],[10.675,0],[0,-11.38],[-3.726,-3.021],[-5.841,-2.417],[0,0],[0,-6.546],[8.057,0],[3.223,4.23],[1.913,0],[0,-2.216],[-4.431,-2.921],[-6.848,0],[0,12.085],[3.323,3.122],[8.157,3.625],[0,0]],"o":[[-11.682,-5.035],[0,-6.546],[5.841,0],[1.41,1.913],[2.216,0],[0,-6.042],[-12.79,0],[0,4.935],[2.518,2.014],[0,0],[12.689,5.338],[0,6.747],[-5.942,0],[-1.41,-1.813],[-2.216,0],[0,2.618],[5.237,3.424],[13.797,0],[0,-4.834],[-2.518,-2.316],[0,0],[0,0]],"v":[[30.817,-42.197],[16.718,-55.188],[29.105,-66.064],[42.801,-59.518],[46.93,-57.001],[51.059,-61.029],[29.205,-73.416],[7.553,-54.181],[13.092,-42.197],[24.875,-35.852],[27.292,-34.845],[43.707,-19.638],[30.112,-8.157],[14.905,-15.106],[10.574,-17.523],[6.546,-13.495],[13.092,-5.438],[30.212,-0.504],[53.073,-20.544],[47.836,-33.133],[35.349,-40.182],[34.039,-40.787]],"c":true},"ix":2},"nm":"S","mn":"ADBE Vector Shape - Group","hd":false}],"nm":"S","np":3,"cix":2,"bm":0,"ix":1,"mn":"ADBE Vector Group","hd":false}]},"fFamily":"TBChibiRGothicPlusK Pro"},{"ch":"h","size":331,"style":"R","w":58.8,"data":{"shapes":[{"ty":"gr","it":[{"ind":0,"ty":"sh","ix":1,"ks":{"a":0,"k":{"i":[[0,0],[-6.445,0],[0,-8.762],[0,0],[-2.618,0],[0,2.216],[0,0],[10.675,0],[3.928,-6.244],[0,0],[2.518,0],[0,-2.216],[0,0],[-2.618,0],[0,2.216]],"o":[[2.417,-7.654],[7.05,0],[0,0],[0,2.316],[2.518,0],[0,0],[0,-12.085],[-6.647,0],[0,0],[0,-2.216],[-2.518,0],[0,0],[0,2.316],[2.518,0],[0,0]],"v":[[17.825,-32.126],[32.126,-44.513],[42.398,-31.622],[42.398,-5.035],[46.829,-1.108],[51.16,-5.035],[51.16,-32.629],[34.241,-51.965],[17.825,-42.197],[17.825,-71.503],[13.394,-75.43],[8.963,-71.503],[8.963,-5.035],[13.394,-1.108],[17.825,-5.035]],"c":true},"ix":2},"nm":"h","mn":"ADBE Vector Shape - Group","hd":false}],"nm":"h","np":3,"cix":2,"bm":0,"ix":1,"mn":"ADBE Vector Group","hd":false}]},"fFamily":"TBChibiRGothicPlusK Pro"},{"ch":"i","size":331,"style":"R","w":28.8,"data":{"shapes":[{"ty":"gr","it":[{"ind":0,"ty":"sh","ix":1,"ks":{"a":0,"k":{"i":[[0,0],[2.518,0],[0,-2.316],[0,0],[-2.518,0],[0,2.316]],"o":[[0,-2.316],[-2.518,0],[0,0],[0,2.316],[2.518,0],[0,0]],"v":[[18.832,-47.635],[14.502,-51.663],[10.172,-47.635],[10.172,-5.136],[14.502,-1.208],[18.832,-5.136]],"c":true},"ix":2},"nm":"i","mn":"ADBE Vector Shape - Group","hd":false},{"ind":1,"ty":"sh","ix":2,"ks":{"a":0,"k":{"i":[[3.223,0],[0,-3.223],[-3.323,0],[0,3.323]],"o":[[-3.323,0],[0,3.424],[3.323,0],[0,-3.223]],"v":[[14.502,-72.308],[8.459,-66.467],[14.401,-60.324],[20.444,-66.367]],"c":true},"ix":2},"nm":"i","mn":"ADBE Vector Shape - Group","hd":false}],"nm":"i","np":5,"cix":2,"bm":0,"ix":1,"mn":"ADBE Vector Group","hd":false}]},"fFamily":"TBChibiRGothicPlusK Pro"},{"ch":"o","size":331,"style":"R","w":56.4,"data":{"shapes":[{"ty":"gr","it":[{"ind":0,"ty":"sh","ix":1,"ks":{"a":0,"k":{"i":[[13.998,0],[0,-15.106],[-14.2,0],[0,15.308]],"o":[[-14.2,0],[0,15.308],[14.2,0],[0,-15.005]],"v":[[28.5,-52.267],[4.33,-26.486],[28.4,-0.504],[52.469,-26.486]],"c":true},"ix":2},"nm":"o","mn":"ADBE Vector Shape - Group","hd":false},{"ind":1,"ty":"sh","ix":2,"ks":{"a":0,"k":{"i":[[-8.661,0],[0,-10.977],[8.862,0],[0,11.179]],"o":[[8.862,0],[0,11.179],[-9.064,0],[0,-11.078]],"v":[[28.299,-45.52],[43.506,-26.486],[28.5,-7.553],[13.293,-26.385]],"c":true},"ix":2},"nm":"o","mn":"ADBE Vector Shape - Group","hd":false}],"nm":"o","np":5,"cix":2,"bm":0,"ix":1,"mn":"ADBE Vector Group","hd":false}]},"fFamily":"TBChibiRGothicPlusK Pro"},{"ch":" ","size":331,"style":"R","w":25,"data":{},"fFamily":"TBChibiRGothicPlusK Pro"},{"ch":"R","size":331,"style":"R","w":63.1,"data":{"shapes":[{"ty":"gr","it":[{"ind":0,"ty":"sh","ix":1,"ks":{"a":0,"k":{"i":[[0,0],[0,0],[-10.574,-21.854],[-2.719,0],[0,2.014],[6.042,8.762],[4.33,1.712],[0,0],[0,9.366],[5.942,3.223],[6.647,0],[0,0],[0,-7.553],[0,0],[-2.618,0],[0,2.316]],"o":[[0,0],[9.869,0],[1.913,4.129],[2.82,0],[0,-2.719],[-3.021,-4.33],[0,0],[11.279,-1.712],[0,-6.747],[-4.028,-2.216],[0,0],[-7.553,0],[0,0],[0,2.316],[2.618,0],[0,0]],"v":[[18.43,-32.025],[24.472,-32.025],[48.642,-6.042],[54.08,-1.208],[59.015,-4.733],[47.534,-26.285],[37.161,-34.744],[37.161,-35.046],[55.188,-52.771],[45.721,-68.683],[29.608,-72.006],[20.645,-72.006],[9.366,-60.727],[9.366,-5.136],[13.898,-1.208],[18.43,-5.136]],"c":true},"ix":2},"nm":"R","mn":"ADBE Vector Shape - Group","hd":false},{"ind":1,"ty":"sh","ix":2,"ks":{"a":0,"k":{"i":[[0,0],[0,0],[-2.618,0],[0,0],[0,-7.956],[11.884,0]],"o":[[0,0],[0,-2.618],[0,0],[11.279,0],[0,8.359],[0,0]],"v":[[18.43,-39.075],[18.43,-60.928],[22.357,-64.755],[28.098,-64.755],[45.822,-52.267],[27.191,-39.075]],"c":true},"ix":2},"nm":"R","mn":"ADBE Vector Shape - Group","hd":false}],"nm":"R","np":5,"cix":2,"bm":0,"ix":1,"mn":"ADBE Vector Group","hd":false}]},"fFamily":"TBChibiRGothicPlusK Pro"},{"ch":"e","size":331,"style":"R","w":54.4,"data":{"shapes":[{"ty":"gr","it":[{"ind":0,"ty":"sh","ix":1,"ks":{"a":0,"k":{"i":[[0,0],[0,3.726],[4.33,3.928],[5.64,0],[0,-15.509],[-14.603,0],[-3.928,4.532],[0,1.309],[2.014,0],[1.208,-1.41],[5.035,0],[0.302,11.179]],"o":[[3.625,0],[0,-5.74],[-3.827,-3.424],[-13.596,0],[0,15.61],[7.452,0],[1.813,-2.115],[0,-2.014],[-1.108,0],[-3.827,4.33],[-9.567,0],[0,0]],"v":[[43.808,-25.479],[49.347,-31.119],[42.197,-47.031],[27.594,-52.267],[4.834,-26.385],[29.004,-0.504],[46.326,-7.452],[48.843,-12.186],[45.117,-15.811],[42.096,-13.998],[29.306,-7.755],[13.596,-25.479]],"c":true},"ix":2},"nm":"e","mn":"ADBE Vector Shape - Group","hd":false},{"ind":1,"ty":"sh","ix":2,"ks":{"a":0,"k":{"i":[[0,0],[-7.352,0],[-2.417,-3.021],[0,-2.316],[1.108,0]],"o":[[1.007,-8.459],[4.129,0],[1.511,1.913],[0,0.906],[0,0]],"v":[[13.998,-31.824],[27.594,-45.721],[37.866,-40.988],[40.686,-33.334],[38.974,-31.824]],"c":true},"ix":2},"nm":"e","mn":"ADBE Vector Shape - Group","hd":false}],"nm":"e","np":5,"cix":2,"bm":0,"ix":1,"mn":"ADBE Vector Group","hd":false}]},"fFamily":"TBChibiRGothicPlusK Pro"},{"ch":":","size":331,"style":"R","w":27.2,"data":{"shapes":[{"ty":"gr","it":[{"ind":0,"ty":"sh","ix":1,"ks":{"a":0,"k":{"i":[[3.323,0],[0,-3.424],[-3.424,0],[0,3.424]],"o":[[-3.424,0],[0,3.424],[3.424,0],[0,-3.323]],"v":[[13.696,-51.764],[7.452,-45.52],[13.696,-39.276],[19.94,-45.52]],"c":true},"ix":2},"nm":":","mn":"ADBE Vector Shape - Group","hd":false},{"ind":1,"ty":"sh","ix":2,"ks":{"a":0,"k":{"i":[[3.323,0],[0,-3.424],[-3.424,0],[0,3.424]],"o":[[-3.424,0],[0,3.424],[3.424,0],[0,-3.323]],"v":[[13.696,-13.394],[7.452,-7.15],[13.696,-0.906],[19.94,-7.15]],"c":true},"ix":2},"nm":":","mn":"ADBE Vector Shape - Group","hd":false}],"nm":":","np":5,"cix":2,"bm":0,"ix":1,"mn":"ADBE Vector Group","hd":false}]},"fFamily":"TBChibiRGothicPlusK Pro"}]}